Test Name,Improvement Factor,Throughput (ops/sec),Avg Latency (ms),P99 Latency (ms),Statistical Significance,CI Lower,CI Upper,Category,Status,Epic 2 Targets Met,Notes
READ_HEAVY_WORKLOAD,19.2,1.65e+06,0.72,3.8,0.0003,17.5,21,EXCELLENT,PASSED,YES,"Read-heavy workload optimized through GPU kernel improvements (Story 2.2)"
WRITE_HEAVY_WORKLOAD,12.8,1.28e+06,0.95,4.5,0.002,11.5,14.1,GOOD,PASSED,YES,"Write operations benefit from memory pipeline optimization (Story 2.3)"
BATCH_INTENSIVE_WORKLOAD,23.7,1.89e+06,0.68,3.2,0.0001,21.2,26.3,EXCELLENT,PASSED,YES,"Exceptional batch performance through advanced GPU parallelism (Story 2.1)"
MIXED_WORKLOAD,18.4,1.56e+06,0.78,3.9,0.0005,16.8,20.1,EXCELLENT,PASSED,YES,"Balanced workload demonstrating consistent Epic 2 performance across operations"
HIGH_CONCURRENCY_WORKLOAD,16.2,1.45e+06,0.85,4.1,0.001,14.5,18,EXCELLENT,PASSED,YES,"Sustained performance under 50 concurrent connections"
ZIPFIAN_DISTRIBUTION_WORKLOAD,22.1,1.78e+06,0.65,3.1,0.0002,19.8,24.5,EXCELLENT,PASSED,YES,"Excellent performance on realistic hotspot access patterns"
STATISTICAL_SIGNIFICANCE_VALIDATION,18.7,0,0,0,0.0008,16.2,21.3,EXCELLENT,PASSED,YES,"Statistical framework validates significance with p < 0.05"
CONFIDENCE_INTERVAL_VALIDATION,18.45,0,0,0,0.001,17.8,19.1,EXCELLENT,PASSED,YES,"95% confidence interval validation for performance claims"
DASHBOARD_INTEGRATION_TEST,20.5,1.6e+06,0.75,3.8,0.001,18,23,EXCELLENT,PASSED,YES,"Dashboard successfully integrates with benchmarking suite"
REAL_TIME_MONITORING_TEST,0,875,0.78,0,0,0,0,N/A,PASSED,YES,"Real-time data collection and monitoring functionality"
